"path","category","reason","replacement","delete_safe","referenced_by","dependency_gate","ambiguous_reference_count"
"AGENTS.md","CANONICAL","现行模块/入口/配置/参数说明；保持原位，避免重复","AGENTS.md","false","contrib/satcompute/tests/integration/regression/analyze-checkpoint-maintenance.py:20 [literal_code_reference]; contrib/satcompute/tests/unit/test_checkpoint_maintenance.py:32 [literal_code_reference]; contrib/satcompute/tests/unit/test_recovery_u_revalidation.py:24 [literal_code_reference]","保留；无删除依据","0"
"MILESTONES.md","CANONICAL","里程碑保留阶段名和简短状态；不扩写为架构手册","MILESTONES.md","false","","保留；无删除依据","0"
"README.md","CANONICAL","现行模块/入口/配置/参数说明；保持原位，避免重复","README.md","false","","保留；无删除依据","83"
"contrib/satcompute/README.md","CANONICAL","现行模块/入口/配置/参数说明；保持原位，避免重复","contrib/satcompute/README.md","false","AGENTS.md:41 [doc_reference]; README.md:119 [doc_reference]; docs/upstream/ns-3.48/README.md:11 [doc_reference]","保留；无删除依据","83"
"contrib/satcompute/common/README.md","CANONICAL","现行模块/入口/配置/参数说明；保持原位，避免重复","contrib/satcompute/common/README.md","false","contrib/satcompute/README.md:49 [doc_reference]","保留；无删除依据","83"
"contrib/satcompute/fault/README.md","CANONICAL","现行模块/入口/配置/参数说明；保持原位，避免重复","contrib/satcompute/fault/README.md","false","README.md:125 [doc_reference]; contrib/satcompute/README.md:216 [doc_reference]; contrib/satcompute/README.md:219 [doc_reference]; contrib/satcompute/README.md:54 [doc_reference]","保留；无删除依据","76"
"contrib/satcompute/input/README.md","CANONICAL","现行模块/入口/配置/参数说明；保持原位，避免重复","contrib/satcompute/input/README.md","false","README.md:120 [doc_reference]; contrib/satcompute/README.md:292 [doc_reference]; contrib/satcompute/README.md:57 [doc_reference]","保留；无删除依据","80"
"contrib/satcompute/input/experiments/leo-66/README.md","CANONICAL","现行模块/入口/配置/参数说明；保持原位，避免重复","contrib/satcompute/input/experiments/leo-66/README.md","false","README.md:87 [doc_reference]; contrib/satcompute/README.md:75 [doc_reference]; contrib/satcompute/input/README.md:3 [doc_reference]","保留；无删除依据","77"
"contrib/satcompute/metrics/README.md","CANONICAL","现行模块/入口/配置/参数说明；保持原位，避免重复","contrib/satcompute/metrics/README.md","false","README.md:124 [doc_reference]; contrib/satcompute/README.md:312 [doc_reference]; contrib/satcompute/README.md:56 [doc_reference]; contrib/satcompute/fault/README.md:321 [doc_reference]; contrib/satcompute/routing/README.md:153 [doc_reference]; contrib/satcompute/task/README.md:160 [doc_reference]; contrib/satcompute/traffic/README.md:120 [doc_reference]","保留；无删除依据","81"
"contrib/satcompute/protection/README.md","CANONICAL","现行模块/入口/配置/参数说明；保持原位，避免重复","原模块入口 + docs/protection/{architecture,compfrr-f,compfrr-p,recovery,baselines,reproducibility}.md (后续拆出，不重复)","false","AGENTS.md:119 [doc_reference]; AGENTS.md:71 [doc_reference]; contrib/satcompute/README.md:105 [doc_reference]; contrib/satcompute/README.md:108 [doc_reference]; contrib/satcompute/README.md:55 [doc_reference]; contrib/satcompute/tests/unit/test_checkpoint_maintenance.py:33 [literal_code_reference]","先形成 canonical 的唯一职责映射再缩短 README；检查源码/测试/参数链接","81"
"contrib/satcompute/protection/policy/baseline/checkbullet/README.md","CANONICAL","现行模块/入口/配置/参数说明；保持原位，避免重复","contrib/satcompute/protection/policy/baseline/checkbullet/README.md","false","contrib/satcompute/README.md:100 [doc_reference]; contrib/satcompute/protection/README.md:76 [doc_reference]","保留；无删除依据","83"
"contrib/satcompute/protection/policy/baseline/checkbullet/parameter-provenance.md","CANONICAL","CB 冻结 MTBF/参数的来源，运行配置审计所需；必须保留","contrib/satcompute/protection/policy/baseline/checkbullet/parameter-provenance.md","false","","保留；无删除依据","0"
"contrib/satcompute/protection/policy/baseline/checkbullet/preflight.md","HISTORICAL_EVIDENCE","原始测量/阶段审阅证据，保留历史语境；不能以新代码覆盖旧结果","contrib/satcompute/protection/policy/baseline/checkbullet/preflight.md","false","contrib/satcompute/protection/policy/baseline/checkbullet/README.md:5 [doc_reference]","保留；无删除依据","0"
"contrib/satcompute/routing/README.md","CANONICAL","现行模块/入口/配置/参数说明；保持原位，避免重复","contrib/satcompute/routing/README.md","false","README.md:122 [doc_reference]; contrib/satcompute/README.md:303 [doc_reference]; contrib/satcompute/README.md:51 [doc_reference]; contrib/satcompute/traffic/README.md:100 [doc_reference]","保留；无删除依据","83"
"contrib/satcompute/task/README.md","CANONICAL","现行模块/入口/配置/参数说明；保持原位，避免重复","contrib/satcompute/task/README.md","false","README.md:123 [doc_reference]; contrib/satcompute/README.md:174 [doc_reference]; contrib/satcompute/README.md:292 [doc_reference]; contrib/satcompute/README.md:52 [doc_reference]","保留；无删除依据","79"
"contrib/satcompute/tests/README.md","CANONICAL","现行模块/入口/配置/参数说明；保持原位，避免重复","contrib/satcompute/tests/README.md","false","README.md:129 [doc_reference]; contrib/satcompute/README.md:315 [doc_reference]; contrib/satcompute/README.md:59 [doc_reference]","保留；无删除依据","82"
"contrib/satcompute/tests/fixtures/README.md","CANONICAL","现行模块/入口/配置/参数说明；保持原位，避免重复","contrib/satcompute/tests/fixtures/README.md","false","","保留；无删除依据","82"
"contrib/satcompute/tests/fixtures/fault/f1/README.md","CANONICAL","现行模块/入口/配置/参数说明；保持原位，避免重复","contrib/satcompute/tests/fixtures/fault/f1/README.md","false","README.md:95 [doc_reference]; contrib/satcompute/README.md:84 [doc_reference]","保留；无删除依据","83"
"contrib/satcompute/tests/fixtures/fault/f2/README.md","CANONICAL","现行模块/入口/配置/参数说明；保持原位，避免重复","contrib/satcompute/tests/fixtures/fault/f2/README.md","false","README.md:98 [doc_reference]; contrib/satcompute/README.md:86 [doc_reference]","保留；无删除依据","83"
"contrib/satcompute/tests/fixtures/fault/f3/README.md","CANONICAL","现行模块/入口/配置/参数说明；保持原位，避免重复","contrib/satcompute/tests/fixtures/fault/f3/README.md","false","README.md:100 [doc_reference]; contrib/satcompute/README.md:88 [doc_reference]","保留；无删除依据","83"
"contrib/satcompute/tests/fixtures/fault/joint/README.md","CANONICAL","现行模块/入口/配置/参数说明；保持原位，避免重复","contrib/satcompute/tests/fixtures/fault/joint/README.md","false","README.md:102 [doc_reference]; contrib/satcompute/README.md:90 [doc_reference]","保留；无删除依据","83"
"contrib/satcompute/tests/fixtures/task/20tasks/README.md","CANONICAL","现行模块/入口/配置/参数说明；保持原位，避免重复","contrib/satcompute/tests/fixtures/task/20tasks/README.md","false","README.md:92 [doc_reference]; contrib/satcompute/README.md:82 [doc_reference]","保留；无删除依据","83"
"contrib/satcompute/tools/README.md","CANONICAL","现行模块/入口/配置/参数说明；保持原位，避免重复","contrib/satcompute/tools/README.md","false","README.md:128 [doc_reference]; contrib/satcompute/README.md:58 [doc_reference]","保留；无删除依据","82"
"contrib/satcompute/tools/generation/README.md","CANONICAL","现行模块/入口/配置/参数说明；保持原位，避免重复","contrib/satcompute/tools/generation/README.md","false","contrib/satcompute/tools/README.md:53 [doc_reference]","保留；无删除依据","80"
"contrib/satcompute/tools/validation/README.md","CANONICAL","现行模块/入口/配置/参数说明；保持原位，避免重复","contrib/satcompute/tools/validation/README.md","false","contrib/satcompute/tools/README.md:54 [doc_reference]","保留；无删除依据","81"
"contrib/satcompute/tools/validation/compfrr-shadow/README.md","CANONICAL","现行模块/入口/配置/参数说明；保持原位，避免重复","contrib/satcompute/tools/validation/compfrr-shadow/README.md","false","contrib/satcompute/README.md:111 [doc_reference]; contrib/satcompute/tools/validation/README.md:7 [doc_reference]","保留；无删除依据","82"
"contrib/satcompute/tools/validation/f2/fixtures/README.md","CANONICAL","现行模块/入口/配置/参数说明；保持原位，避免重复","contrib/satcompute/tools/validation/f2/fixtures/README.md","false","","保留；无删除依据","82"
"contrib/satcompute/tools/validation/pre-n5-backup-feasibility/README.md","CANONICAL","现行模块/入口/配置/参数说明；保持原位，避免重复","contrib/satcompute/tools/validation/pre-n5-backup-feasibility/README.md","false","","保留；无删除依据","83"
"contrib/satcompute/topology/README.md","CANONICAL","现行模块/入口/配置/参数说明；保持原位，避免重复","contrib/satcompute/topology/README.md","false","README.md:121 [doc_reference]; contrib/satcompute/README.md:50 [doc_reference]","保留；无删除依据","82"
"contrib/satcompute/topology/export/README.md","CANONICAL","现行模块/入口/配置/参数说明；保持原位，避免重复","contrib/satcompute/topology/export/README.md","false","contrib/satcompute/README.md:268 [doc_reference]; contrib/satcompute/topology/README.md:128 [doc_reference]; contrib/satcompute/topology/README.md:25 [doc_reference]","保留；无删除依据","83"
"contrib/satcompute/traffic/README.md","CANONICAL","现行模块/入口/配置/参数说明；保持原位，避免重复","contrib/satcompute/traffic/README.md","false","contrib/satcompute/README.md:53 [doc_reference]","保留；无删除依据","80"
"docs/README.md","CANONICAL","现行模块/入口/配置/参数说明；保持原位，避免重复","docs/README.md","false","","后续修正 CB-Sat 尚未合入 n5 的过时说明（PR #98 已合并）；本轮只记录","81"
"docs/calibration/n4b-f1/README.md","HISTORICAL_EVIDENCE","原始测量/阶段审阅证据，保留历史语境；不能以新代码覆盖旧结果","docs/calibration/n4b-f1/README.md","false","README.md:126 [doc_reference]; docs/README.md:11 [doc_reference]","保留；无删除依据","82"
"docs/calibration/n4b-f1/n4b-f1-calibration-summary.json","HISTORICAL_EVIDENCE","原始测量/阶段审阅证据，保留历史语境；不能以新代码覆盖旧结果","docs/calibration/n4b-f1/n4b-f1-calibration-summary.json","false","contrib/satcompute/tests/integration/regression/run-fault-lifecycle-regression.sh:257 [literal_code_reference]; contrib/satcompute/tools/validation/f1-calibration.cc:81 [literal_code_reference]; docs/calibration/n4b-f1/README.md:54 [doc_reference]","保留；无删除依据","0"
"docs/calibration/n4b-f1/n4b-f1-calibration.csv","HISTORICAL_EVIDENCE","原始测量/阶段审阅证据，保留历史语境；不能以新代码覆盖旧结果","docs/calibration/n4b-f1/n4b-f1-calibration.csv","false","contrib/satcompute/tests/integration/regression/run-fault-lifecycle-regression.sh:263 [literal_code_reference]; contrib/satcompute/tools/validation/f1-calibration.cc:31 [literal_code_reference]; docs/calibration/n4b-f1/README.md:53 [doc_reference]","保留；无删除依据","0"
"docs/calibration/n4b-f2/README.md","HISTORICAL_EVIDENCE","原始测量/阶段审阅证据，保留历史语境；不能以新代码覆盖旧结果","docs/calibration/n4b-f2/README.md","false","README.md:127 [doc_reference]; README.md:97 [doc_reference]; docs/README.md:11 [doc_reference]","保留；无删除依据","83"
"docs/calibration/n4b-f2/evidence/n4b-f2-spatial-fault-events.csv","HISTORICAL_EVIDENCE","原始测量/阶段审阅证据，保留历史语境；不能以新代码覆盖旧结果","docs/calibration/n4b-f2/evidence/n4b-f2-spatial-fault-events.csv","false","contrib/satcompute/tools/validation/f2-spatial-validation.cc:277 [literal_code_reference]; docs/calibration/n4b-f2/README.md:263 [doc_reference]; docs/calibration/n4b-f2/README.md:267 [doc_reference]","保留；无删除依据","0"
"docs/calibration/n4b-f2/evidence/n4b-f2-spatial-validation-bins.csv","HISTORICAL_EVIDENCE","原始测量/阶段审阅证据，保留历史语境；不能以新代码覆盖旧结果","docs/calibration/n4b-f2/evidence/n4b-f2-spatial-validation-bins.csv","false","contrib/satcompute/tools/validation/f2-spatial-validation.cc:278 [literal_code_reference]; docs/calibration/n4b-f2/README.md:262 [doc_reference]; docs/calibration/n4b-f2/README.md:268 [doc_reference]","保留；无删除依据","0"
"docs/calibration/n4b-f2/evidence/n4b-f2-spatial-validation-display-adjustments.csv","HISTORICAL_EVIDENCE","原始测量/阶段审阅证据，保留历史语境；不能以新代码覆盖旧结果","docs/calibration/n4b-f2/evidence/n4b-f2-spatial-validation-display-adjustments.csv","false","docs/calibration/n4b-f2/README.md:243 [doc_reference]; docs/calibration/n4b-f2/README.md:269 [doc_reference]","保留；无删除依据","0"
"docs/calibration/n4b-f2/evidence/n4b-f2-spatial-validation-summary.json","HISTORICAL_EVIDENCE","原始测量/阶段审阅证据，保留历史语境；不能以新代码覆盖旧结果","docs/calibration/n4b-f2/evidence/n4b-f2-spatial-validation-summary.json","false","contrib/satcompute/tools/validation/f2-spatial-validation.cc:280 [literal_code_reference]; docs/calibration/n4b-f2/README.md:261 [doc_reference]; docs/calibration/n4b-f2/README.md:270 [doc_reference]","保留；无删除依据","0"
"docs/calibration/n4b-f2/n4b-f2-spatial-validation.pdf","HISTORICAL_EVIDENCE","原始测量/阶段审阅证据，保留历史语境；不能以新代码覆盖旧结果","docs/calibration/n4b-f2/n4b-f2-spatial-validation.pdf","false","","保留；无删除依据","0"
"docs/calibration/n4b-f2/n4b-f2-spatial-validation.png","HISTORICAL_EVIDENCE","原始测量/阶段审阅证据，保留历史语境；不能以新代码覆盖旧结果","docs/calibration/n4b-f2/n4b-f2-spatial-validation.png","false","","保留；无删除依据","0"
"docs/calibration/n4b-f2/n4b-f2-spatial-validation.svg","HISTORICAL_EVIDENCE","原始测量/阶段审阅证据，保留历史语境；不能以新代码覆盖旧结果","docs/calibration/n4b-f2/n4b-f2-spatial-validation.svg","false","","保留；无删除依据","0"
"docs/n4c/README.md","CANONICAL","现行模块/入口/配置/参数说明；保持原位，避免重复","docs/n4c/README.md","false","docs/README.md:7 [doc_reference]; docs/n5-prerequisites.md:6 [doc_reference]","保留；无删除依据","79"
"docs/n4c/reviews/G3-final-freeze.md","HISTORICAL_EVIDENCE","原始测量/阶段审阅证据，保留历史语境；不能以新代码覆盖旧结果","docs/n4c/reviews/G3-final-freeze.md","false","contrib/satcompute/README.md:155 [doc_reference]; contrib/satcompute/fault/README.md:125 [doc_reference]; contrib/satcompute/tests/fixtures/fault/joint/README.md:59 [doc_reference]; docs/calibration/n4b-f1/README.md:6 [doc_reference]; docs/n4c/README.md:23 [doc_reference]; docs/n4c/reviews/G4-final-freeze.md:18 [doc_reference]; docs/n4c/reviews/G4-final-freeze.md:9 [doc_reference]","保留；无删除依据","0"
"docs/n4c/reviews/G4-final-freeze.md","HISTORICAL_EVIDENCE","原始测量/阶段审阅证据，保留历史语境；不能以新代码覆盖旧结果","docs/n4c/reviews/G4-final-freeze.md","false","contrib/satcompute/tests/README.md:335 [doc_reference]; docs/n4c/README.md:24 [doc_reference]; docs/n4c/reviews/G4-shadow-decision-evaluation.md:3 [doc_reference]","保留；无删除依据","0"
"docs/n4c/reviews/G4-shadow-decision-evaluation.md","HISTORICAL_EVIDENCE","原始测量/阶段审阅证据，保留历史语境；不能以新代码覆盖旧结果","docs/n4c/reviews/G4-shadow-decision-evaluation.md","false","contrib/satcompute/tests/README.md:335 [doc_reference]; contrib/satcompute/tools/validation/compfrr-shadow/README.md:89 [doc_reference]; docs/n4c/README.md:25 [doc_reference]; docs/n4c/reviews/G3-final-freeze.md:56 [doc_reference]; docs/n4c/reviews/G4-final-freeze.md:39 [doc_reference]","保留；无删除依据","0"
"docs/n4c/reviews/N4-final-release-validation.md","HISTORICAL_EVIDENCE","原始测量/阶段审阅证据，保留历史语境；不能以新代码覆盖旧结果","docs/n4c/reviews/N4-final-release-validation.md","false","contrib/satcompute/input/experiments/leo-66/README.md:64 [doc_reference]; docs/n4c/README.md:6 [doc_reference]; docs/n4c/reviews/G4-final-freeze.md:51 [doc_reference]; docs/n5/reviews/Pre-N5C-placement-baselines-final.md:456 [doc_reference]","保留；无删除依据","0"
"docs/n5-prerequisites.md","HISTORICAL_EVIDENCE","原始测量/阶段审阅证据，保留历史语境；不能以新代码覆盖旧结果","docs/n5-prerequisites.md","false","docs/README.md:8 [doc_reference]","保留；无删除依据","0"
"docs/n5/reviews/Checkpoint-maintenance-semantics-audit.md","HISTORICAL_EVIDENCE","原始测量/阶段审阅证据，保留历史语境；不能以新代码覆盖旧结果","docs/n5/reviews/Checkpoint-maintenance-semantics-audit.md","false","AGENTS.md:266 [doc_reference]; contrib/satcompute/protection/README.md:270 [doc_reference]","原位标为历史优先；若归档须保留链接和实验身份，并先通过分析脚本依赖 gate","0"
"docs/n5/reviews/N5A-G1-architecture-storage.md","HISTORICAL_EVIDENCE","原始测量/阶段审阅证据，保留历史语境；不能以新代码覆盖旧结果","docs/n5/reviews/N5A-G1-architecture-storage.md","false","contrib/satcompute/protection/README.md:658 [doc_reference]","原位标为历史优先；若归档须保留链接和实验身份，并先通过分析脚本依赖 gate","0"
"docs/n5/reviews/N5A-G2-fixed-backup-path.md","HISTORICAL_EVIDENCE","原始测量/阶段审阅证据，保留历史语境；不能以新代码覆盖旧结果","docs/n5/reviews/N5A-G2-fixed-backup-path.md","false","contrib/satcompute/protection/README.md:659 [doc_reference]","原位标为历史优先；若归档须保留链接和实验身份，并先通过分析脚本依赖 gate","0"
"docs/n5/reviews/N5A-G3-recovery-loop.md","HISTORICAL_EVIDENCE","原始测量/阶段审阅证据，保留历史语境；不能以新代码覆盖旧结果","docs/n5/reviews/N5A-G3-recovery-loop.md","false","contrib/satcompute/protection/README.md:660 [doc_reference]","原位标为历史优先；若归档须保留链接和实验身份，并先通过分析脚本依赖 gate","0"
"docs/n5/reviews/N5A-G4-integration-accounting.md","HISTORICAL_EVIDENCE","原始测量/阶段审阅证据，保留历史语境；不能以新代码覆盖旧结果","docs/n5/reviews/N5A-G4-integration-accounting.md","false","contrib/satcompute/protection/README.md:661 [doc_reference]; docs/n5/reviews/Pre-N5C-placement-baselines-final.md:457 [doc_reference]","原位标为历史优先；若归档须保留链接和实验身份，并先通过分析脚本依赖 gate","0"
"docs/n5/reviews/N5B-G1-frequency-policy.md","HISTORICAL_EVIDENCE","原始测量/阶段审阅证据，保留历史语境；不能以新代码覆盖旧结果","docs/n5/reviews/N5B-G1-frequency-policy.md","false","contrib/satcompute/protection/README.md:277 [doc_reference]","原位标为历史优先；若归档须保留链接和实验身份，并先通过分析脚本依赖 gate","0"
"docs/n5/reviews/N5B-G2-dynamic-frequency-runtime.md","HISTORICAL_EVIDENCE","原始测量/阶段审阅证据，保留历史语境；不能以新代码覆盖旧结果","docs/n5/reviews/N5B-G2-dynamic-frequency-runtime.md","false","contrib/satcompute/protection/README.md:278 [doc_reference]","原位标为历史优先；若归档须保留链接和实验身份，并先通过分析脚本依赖 gate","0"
"docs/n5/reviews/N5B-G3-frequency-evaluation.md","HISTORICAL_EVIDENCE","原始测量/阶段审阅证据，保留历史语境；不能以新代码覆盖旧结果","docs/n5/reviews/N5B-G3-frequency-evaluation.md","false","contrib/satcompute/protection/README.md:279 [doc_reference]; docs/n5/reviews/N5B-G3R-semantic-corrections.md:13 [doc_reference]; docs/n5/reviews/Pre-N5C-placement-baselines-final.md:458 [doc_reference]","原位标为历史优先；若归档须保留链接和实验身份，并先通过分析脚本依赖 gate","0"
"docs/n5/reviews/N5B-G3R-semantic-corrections.md","HISTORICAL_EVIDENCE","原始测量/阶段审阅证据，保留历史语境；不能以新代码覆盖旧结果","docs/n5/reviews/N5B-G3R-semantic-corrections.md","false","docs/n5/reviews/N5B-G3-frequency-evaluation.md:4 [doc_reference]; docs/n5/reviews/N5B-G3R2-feasible-pair-capacity-retry.md:22 [doc_reference]; docs/n5/reviews/Pre-N5C-placement-baselines-final.md:459 [doc_reference]","原位标为历史优先；若归档须保留链接和实验身份，并先通过分析脚本依赖 gate","0"
"docs/n5/reviews/N5B-G3R2-feasible-pair-capacity-retry.md","HISTORICAL_EVIDENCE","原始测量/阶段审阅证据，保留历史语境；不能以新代码覆盖旧结果","docs/n5/reviews/N5B-G3R2-feasible-pair-capacity-retry.md","false","docs/n5/reviews/Pre-N5C-placement-baselines-final.md:460 [doc_reference]","原位标为历史优先；若归档须保留链接和实验身份，并先通过分析脚本依赖 gate","0"
"docs/n5/reviews/N5B-closeout-N5C-kickoff.md","HISTORICAL_EVIDENCE","原始测量/阶段审阅证据，保留历史语境；不能以新代码覆盖旧结果","docs/n5/reviews/N5B-closeout-N5C-kickoff.md","false","AGENTS.md:120 [doc_reference]; contrib/satcompute/protection/README.md:583 [doc_reference]; contrib/satcompute/protection/policy/baseline/checkbullet/README.md:8 [doc_reference]; contrib/satcompute/protection/policy/baseline/checkbullet/preflight.md:4 [doc_reference]; docs/n5/reviews/Pre-N5C-cb-sat-v2.md:6 [doc_reference]","原位标为历史优先；若归档须保留链接和实验身份，并先通过分析脚本依赖 gate","0"
"docs/n5/reviews/N5B-final-800-task-scene.md","HISTORICAL_EVIDENCE","原始测量/阶段审阅证据，保留历史语境；不能以新代码覆盖旧结果","docs/n5/reviews/N5B-final-800-task-scene.md","false","contrib/satcompute/input/experiments/leo-66/README.md:38 [doc_reference]; docs/n5/reviews/N5B-final-architecture-cleanup.md:64 [doc_reference]; docs/n5/reviews/Pre-N5C-placement-baselines-final.md:461 [doc_reference]","原位标为历史优先；若归档须保留链接和实验身份，并先通过分析脚本依赖 gate","0"
"docs/n5/reviews/N5B-final-architecture-cleanup.md","HISTORICAL_EVIDENCE","原始测量/阶段审阅证据，保留历史语境；不能以新代码覆盖旧结果","docs/n5/reviews/N5B-final-architecture-cleanup.md","false","docs/n5/reviews/Pre-N5C-placement-baselines-final.md:462 [doc_reference]","原位标为历史优先；若归档须保留链接和实验身份，并先通过分析脚本依赖 gate","0"
"docs/n5/reviews/N5C-U-multirun-audit.md","HISTORICAL_EVIDENCE","原始测量/阶段审阅证据，保留历史语境；不能以新代码覆盖旧结果","docs/n5/reviews/N5C-U-multirun-audit.md","false","AGENTS.md:140 [doc_reference]; contrib/satcompute/tests/README.md:70 [doc_reference]","原位标为历史优先；若归档须保留链接和实验身份，并先通过分析脚本依赖 gate","0"
"docs/n5/reviews/N5C-rational-U-main-scenario.md","HISTORICAL_EVIDENCE","原始测量/阶段审阅证据，保留历史语境；不能以新代码覆盖旧结果","docs/n5/reviews/N5C-rational-U-main-scenario.md","false","AGENTS.md:164 [doc_reference]; AGENTS.md:172 [doc_reference]; contrib/satcompute/protection/README.md:576 [doc_reference]; contrib/satcompute/tests/README.md:90 [doc_reference]; docs/n5/reviews/N5C-rational-U-multirun.md:134 [doc_reference]","原位标为历史优先；若归档须保留链接和实验身份，并先通过分析脚本依赖 gate","0"
"docs/n5/reviews/N5C-rational-U-multirun.md","HISTORICAL_EVIDENCE","原始测量/阶段审阅证据，保留历史语境；不能以新代码覆盖旧结果","docs/n5/reviews/N5C-rational-U-multirun.md","false","AGENTS.md:191 [doc_reference]; contrib/satcompute/tests/README.md:105 [doc_reference]; docs/n5/reviews/N5C-rational-U-main-scenario.md:6 [doc_reference]","原位标为历史优先；若归档须保留链接和实验身份，并先通过分析脚本依赖 gate","0"
"docs/n5/reviews/N5C-recent-U-evaluation.md","HISTORICAL_EVIDENCE","原始测量/阶段审阅证据，保留历史语境；不能以新代码覆盖旧结果","docs/n5/reviews/N5C-recent-U-evaluation.md","false","contrib/satcompute/tests/README.md:74 [doc_reference]","原位标为历史优先；若归档须保留链接和实验身份，并先通过分析脚本依赖 gate","0"
"docs/n5/reviews/Pre-N5C-baselines-recompute-oneplusone.md","HISTORICAL_EVIDENCE","原始测量/阶段审阅证据，保留历史语境；不能以新代码覆盖旧结果","docs/n5/reviews/Pre-N5C-baselines-recompute-oneplusone.md","false","docs/n5/reviews/Pre-N5C-compfrr-input-deferred.md:16 [doc_reference]; docs/n5/reviews/Pre-N5C-placement-baselines-final.md:463 [doc_reference]","原位标为历史优先；若归档须保留链接和实验身份，并先通过分析脚本依赖 gate","0"
"docs/n5/reviews/Pre-N5C-cb-sat-v2.md","HISTORICAL_EVIDENCE","原始测量/阶段审阅证据，保留历史语境；不能以新代码覆盖旧结果","docs/n5/reviews/Pre-N5C-cb-sat-v2.md","false","contrib/satcompute/protection/policy/baseline/checkbullet/README.md:6 [doc_reference]; contrib/satcompute/protection/policy/baseline/checkbullet/preflight.md:93 [doc_reference]; docs/README.md:9 [doc_reference]","原位标为历史优先；若归档须保留链接和实验身份，并先通过分析脚本依赖 gate","0"
"docs/n5/reviews/Pre-N5C-compfrr-input-deferred.md","HISTORICAL_EVIDENCE","原始测量/阶段审阅证据，保留历史语境；不能以新代码覆盖旧结果","docs/n5/reviews/Pre-N5C-compfrr-input-deferred.md","false","docs/n5/reviews/Pre-N5C-placement-baselines-final.md:464 [doc_reference]","原位标为历史优先；若归档须保留链接和实验身份，并先通过分析脚本依赖 gate","0"
"docs/n5/reviews/Pre-N5C-compfrr-riskweighted-start-llm4x.md","HISTORICAL_EVIDENCE","原始测量/阶段审阅证据，保留历史语境；不能以新代码覆盖旧结果","docs/n5/reviews/Pre-N5C-compfrr-riskweighted-start-llm4x.md","false","docs/n5/reviews/Pre-N5C-placement-baselines-final.md:465 [doc_reference]","原位标为历史优先；若归档须保留链接和实验身份，并先通过分析脚本依赖 gate","0"
"docs/n5/reviews/Pre-N5C-on-capacity-resume.md","HISTORICAL_EVIDENCE","原始测量/阶段审阅证据，保留历史语境；不能以新代码覆盖旧结果","docs/n5/reviews/Pre-N5C-on-capacity-resume.md","false","docs/n5/reviews/Pre-N5C-placement-baselines-final.md:466 [doc_reference]","原位标为历史优先；若归档须保留链接和实验身份，并先通过分析脚本依赖 gate","0"
"docs/n5/reviews/Pre-N5C-placement-baselines-final.md","HISTORICAL_EVIDENCE","原始测量/阶段审阅证据，保留历史语境；不能以新代码覆盖旧结果","docs/n5/reviews/Pre-N5C-placement-baselines-final.md","false","AGENTS.md:80 [doc_reference]; contrib/satcompute/protection/README.md:611 [doc_reference]; contrib/satcompute/tests/README.md:117 [doc_reference]; docs/README.md:9 [doc_reference]","原位标为历史优先；若归档须保留链接和实验身份，并先通过分析脚本依赖 gate","0"
"docs/n5/reviews/Pre-N5C-v7-cbsat-joint-audit.md","HISTORICAL_EVIDENCE","原始测量/阶段审阅证据，保留历史语境；不能以新代码覆盖旧结果","docs/n5/reviews/Pre-N5C-v7-cbsat-joint-audit.md","false","contrib/satcompute/protection/policy/baseline/checkbullet/README.md:103 [doc_reference]; docs/n5/reviews/N5B-closeout-N5C-kickoff.md:50 [doc_reference]","原位标为历史优先；若归档须保留链接和实验身份，并先通过分析脚本依赖 gate","0"
"docs/n5/reviews/Recovery-direct-deadline-feasibility.md","HISTORICAL_EVIDENCE","原始测量/阶段审阅证据，保留历史语境；不能以新代码覆盖旧结果","docs/n5/reviews/Recovery-direct-deadline-feasibility.md","false","AGENTS.md:221 [doc_reference]; AGENTS.md:239 [doc_reference]; contrib/satcompute/tests/README.md:14 [doc_reference]; docs/n5/reviews/N5C-rational-U-main-scenario.md:4 [doc_reference]; docs/n5/reviews/N5C-rational-U-multirun.md:4 [doc_reference]","原位标为历史优先；若归档须保留链接和实验身份，并先通过分析脚本依赖 gate","0"
"docs/n5/reviews/pre-n5-backup-node-feasibility.md","HISTORICAL_EVIDENCE","原始测量/阶段审阅证据，保留历史语境；不能以新代码覆盖旧结果","docs/n5/reviews/pre-n5-backup-node-feasibility.md","false","","原位标为历史优先；若归档须保留链接和实验身份，并先通过分析脚本依赖 gate","0"
"docs/pressure-10g-baseline.md","HISTORICAL_EVIDENCE","原始测量/阶段审阅证据，保留历史语境；不能以新代码覆盖旧结果","docs/pressure-10g-baseline.md","false","docs/README.md:10 [doc_reference]; docs/n5-prerequisites.md:70 [doc_reference]","保留；无删除依据","0"
"docs/upstream/ns-3.48/AUTHORS","HISTORICAL_EVIDENCE","上游来源/许可资料，不属于 protection 清理目标","docs/upstream/ns-3.48/AUTHORS","false","","保留；无删除依据","0"
"docs/upstream/ns-3.48/CHANGES.md","HISTORICAL_EVIDENCE","上游来源/许可资料，不属于 protection 清理目标","docs/upstream/ns-3.48/CHANGES.md","false","docs/upstream/ns-3.48/README.md:6 [doc_reference]; docs/upstream/ns-3.48/RELEASE_NOTES.md:346 [doc_reference]; docs/upstream/ns-3.48/RELEASE_NOTES.md:7 [doc_reference]","保留；无删除依据","0"
"docs/upstream/ns-3.48/README.md","HISTORICAL_EVIDENCE","上游来源/许可资料，不属于 protection 清理目标","docs/upstream/ns-3.48/README.md","false","docs/README.md:12 [doc_reference]","保留；无删除依据","82"
"docs/upstream/ns-3.48/RELEASE_NOTES.md","HISTORICAL_EVIDENCE","上游来源/许可资料，不属于 protection 清理目标","docs/upstream/ns-3.48/RELEASE_NOTES.md","false","docs/upstream/ns-3.48/CHANGES.md:11 [doc_reference]; docs/upstream/ns-3.48/CHANGES.md:114 [doc_reference]; docs/upstream/ns-3.48/CHANGES.md:1330 [doc_reference]; docs/upstream/ns-3.48/CHANGES.md:1421 [doc_reference]; docs/upstream/ns-3.48/CHANGES.md:1859 [doc_reference]; docs/upstream/ns-3.48/CHANGES.md:1863 [doc_reference]; docs/upstream/ns-3.48/CHANGES.md:1887 [doc_reference]; docs/upstream/ns-3.48/CHANGES.md:7 [doc_reference]; docs/upstream/ns-3.48/README.md:7 [doc_reference]","保留；无删除依据","0"
