case,scheme,random_seed,random_run,isl_bandwidth_bps,tasks,completed,extra_sent_bytes,proactive_lifetime_sent_bytes,recovery_sent_bytes,total_network_sent_bytes,primary_fault_catch_cohort,no_observed_catch,task_execution_waste_wu,normal_protection_eq_wu,reserved_idle_eq_wu,w_waste_actual,mean_link_utilization_percent,max_link_whole_run_utilization_percent,caught,catch_mean_ms,catch_p90_ms,faults_f1,faults_f2,faults_f3,execution_commit,output_root
10Gbps-Run-A,recompute,1,11,10000000000,800,742,6371649953,0,6371649953,292457233899,83,58,23870497,0.0,522006.86279999994,24392503.862799995,0.35593891935791483,1.1120341396153846,25,1087.77514612,1959.2985576000003,84,2,1,1fd8348bde73a73808390467d28ba94c1d437be5,/home/emsky/project/SCP-SatComPlate/output/multitree/stage-c/run11-1fd8348bd/recompute
10Gbps-Run-A,one-plus-one,1,11,10000000000,800,800,192208801681,192208801681,0,486323918194,83,0,321575614,0.0,15721457.860600002,337297071.8605999,0.6185065182679594,2.1838216546923075,83,229.59084157831336,412.63326779999994,88,2,1,1fd8348bde73a73808390467d28ba94c1d437be5,/home/emsky/project/SCP-SatComPlate/output/multitree/stage-c/run11-1fd8348bd/one-plus-one
10Gbps-Run-A,cb-sat,1,11,10000000000,800,795,300984884843,297108885635,3875999208,594440733399,83,4,5500047,512190.0,327825.07700000005,6340062.076999999,0.6599794098277187,7.445873711846154,79,260.5427173037976,448.554001,84,2,1,1fd8348bde73a73808390467d28ba94c1d437be5,/home/emsky/project/SCP-SatComPlate/output/multitree/stage-c/run11-1fd8348bd/cb-sat
10Gbps-Run-A,multitree,1,11,10000000000,800,766,54589649802,51572849921,3016799881,344221127972,83,34,89535794,0.0,4495433.8756,94031227.87560001,0.43121679765003196,1.4489796244615385,49,439.4097833469387,1151.0520706000007,84,2,1,1fd8348bde73a73808390467d28ba94c1d437be5,/home/emsky/project/SCP-SatComPlate/output/multitree/stage-c/run11-1fd8348bd/multitree
10Gbps-Run-A,compfrr-p,1,11,10000000000,800,800,113321868437,103045985012,10275883425,407607906959,83,0,624725,443890.0,828382.6737999998,1896997.6738,0.4199967104440562,1.1995974767692308,83,175.07321471084336,393.59976179999995,84,2,1,1fd8348bde73a73808390467d28ba94c1d437be5,/home/emsky/project/SCP-SatComPlate/output/multitree/stage-c/run11-1fd8348bd/compfrr-p
10Gbps-Run-A,compfrr-fa-ffp,1,11,10000000000,800,800,112197400927,102320814189,9876586738,406089217095,83,0,618711,439880.0,817754.2477000003,1876345.2476999997,0.4341533933833436,1.6293214777692309,83,173.06810313253013,380.3377362,84,2,1,1fd8348bde73a73808390467d28ba94c1d437be5,/home/emsky/project/SCP-SatComPlate/output/multitree/stage-c/run11-1fd8348bd/compfrr-fa-ffp
10Gbps-Run-B,recompute,1,12,10000000000,800,739,3376035679,0,3376035679,286446110032,82,61,24582354,0.0,277235.31440000003,24859589.314400002,0.3499083945228861,1.1210350382307692,21,1191.933484047619,2373.994898,81,2,1,363c2092fb24c444b7cb0c7411a617501370cce4,/home/emsky/project/SCP-SatComPlate/output/multitree/stage-c/run-B-run12/recompute
10Gbps-Run-B,one-plus-one,1,12,10000000000,800,800,193031954576,193031954576,0,486876735127,82,0,321974067,0.0,15752925.871800024,337726992.87180007,0.6195413145143042,2.1140017705384615,82,252.70630990243896,434.35057070000005,87,2,1,363c2092fb24c444b7cb0c7411a617501370cce4,/home/emsky/project/SCP-SatComPlate/output/multitree/stage-c/run-B-run12/one-plus-one
10Gbps-Run-B,cb-sat,1,12,10000000000,800,796,299113684538,296677329189,2436355349,592057363004,82,3,5105221,510400.0,212579.3105,5828200.310500001,0.659511052820725,7.127089614384615,79,254.80497791139246,429.31016180000006,81,2,1,363c2092fb24c444b7cb0c7411a617501370cce4,/home/emsky/project/SCP-SatComPlate/output/multitree/stage-c/run-B-run12/cb-sat
10Gbps-Run-B,multitree,1,12,10000000000,800,765,55706927565,53794642957,1912284608,342058452249,82,35,91287727,0.0,4564954.443199997,95852681.44320002,0.43102258770883695,1.473188399076923,47,324.8875538297872,718.1767034,81,2,1,363c2092fb24c444b7cb0c7411a617501370cce4,/home/emsky/project/SCP-SatComPlate/output/multitree/stage-c/run-B-run12/multitree
10Gbps-Run-B,compfrr-p,1,12,10000000000,800,800,112489556790,99909149837,12580406953,406775601936,82,0,653984,439360.0,957063.4539000001,2050407.4539,0.4206339411993005,1.1697317031538461,82,196.46920269512194,445.5859395,81,2,1,363c2092fb24c444b7cb0c7411a617501370cce4,/home/emsky/project/SCP-SatComPlate/output/multitree/stage-c/run-B-run12/compfrr-p
10Gbps-Run-B,compfrr-fa-ffp,1,12,10000000000,800,800,112675439254,99596905895,13078533359,406854638758,82,0,639828,436960.0,950862.5882000001,2027650.5881999999,0.43712609361951665,1.6523399283846154,82,193.986658097561,444.2219365,81,2,1,363c2092fb24c444b7cb0c7411a617501370cce4,/home/emsky/project/SCP-SatComPlate/output/multitree/stage-c/run-B-run12/compfrr-fa-ffp
10Gbps-Run-C,recompute,1,13,10000000000,800,749,7645183755,0,7645183755,295115360481,80,51,21493952,0.0,623972.8815999998,22117924.881600004,0.36317233578194535,1.1214431363076922,29,1208.8096153448275,1913.5507443999995,79,1,1,363c2092fb24c444b7cb0c7411a617501370cce4,/home/emsky/project/SCP-SatComPlate/output/multitree/stage-c/run-C-run13/recompute
10Gbps-Run-C,one-plus-one,1,13,10000000000,800,799,192034158600,192034158600,0,484897133107,80,1,321005917,0.0,15628876.633999974,336634793.634,0.6150450455381437,2.1506774610769233,79,239.96176950632915,419.0184188,82,1,1,363c2092fb24c444b7cb0c7411a617501370cce4,/home/emsky/project/SCP-SatComPlate/output/multitree/stage-c/run-C-run13/one-plus-one
10Gbps-Run-C,cb-sat,1,13,10000000000,800,795,299835806379,294728141650,5107664729,594119693321,80,4,6378822,506010.0,430204.1753,7315036.175300001,0.6678780579291163,7.213973085153846,76,366.6763094342104,736.436989,79,1,1,363c2092fb24c444b7cb0c7411a617501370cce4,/home/emsky/project/SCP-SatComPlate/output/multitree/stage-c/run-C-run13/cb-sat
10Gbps-Run-C,multitree,1,13,10000000000,800,773,55029222067,50003604836,5025617231,345736178971,81,27,83849669,0.0,4505114.568399995,88354783.56840003,0.4353662377584236,1.5172392653846154,54,534.7090553703703,1258.0443478000004,80,1,1,363c2092fb24c444b7cb0c7411a617501370cce4,/home/emsky/project/SCP-SatComPlate/output/multitree/stage-c/run-C-run13/multitree
10Gbps-Run-C,compfrr-p,1,13,10000000000,800,800,110183984208,101811716912,8372267296,404469803440,80,0,637025,428250.0,681316.0770999999,1746591.0770999996,0.42045063203877936,1.1949405183846153,80,164.79263563750004,372.09219990000025,80,1,1,363c2092fb24c444b7cb0c7411a617501370cce4,/home/emsky/project/SCP-SatComPlate/output/multitree/stage-c/run-C-run13/compfrr-p
10Gbps-Run-C,compfrr-fa-ffp,1,13,10000000000,800,800,109847346494,101580062861,8267283633,404026545998,80,0,661403,426620.0,678142.6467000002,1766165.6467000002,0.43467888132708216,1.5726346852307693,80,167.44320683749996,397.3751232,79,1,1,363c2092fb24c444b7cb0c7411a617501370cce4,/home/emsky/project/SCP-SatComPlate/output/multitree/stage-c/run-C-run13/compfrr-fa-ffp
1Gbps-Run-A,recompute,1,11,1000000000,800,736,1352,0,1352,281788288327,80,63,26713933,0.0,1307.4792999999997,26715240.479300007,3.4335383564399238,10.948917324307692,17,874.8496947058821,1940.392002,80,2,1,ebd8a4748893d538c85f0602ab207b74971c93ac,/home/emsky/project/SCP-SatComPlate/output/multitree/bandwidth/1Gbps-run11/recompute
1Gbps-Run-A,one-plus-one,1,11,1000000000,800,793,70505878695,70505878695,0,360642174894,82,6,323080963,0.0,38585.4477000001,323119548.4476982,4.546534074329307,11.821219158769232,76,0.5154399736842106,1.001803,83,2,1,ebd8a4748893d538c85f0602ab207b74971c93ac,/home/emsky/project/SCP-SatComPlate/output/multitree/bandwidth/1Gbps-run11/one-plus-one
1Gbps-Run-A,cb-sat,1,11,1000000000,800,743,290922673482,277374067419,13548606063,574392926704,81,30,23017560,464100.0,11764452.575099993,35246112.575100005,6.754468924066117,48.649270489230766,51,1830.1614676666672,3999.649138,82,2,1,ebd8a4748893d538c85f0602ab207b74971c93ac,/home/emsky/project/SCP-SatComPlate/output/multitree/bandwidth/1Gbps-run11/cb-sat
1Gbps-Run-A,multitree,1,11,1000000000,800,763,17228248035,17228248035,0,303877110493,82,36,96688666,0.0,6932.805200000037,96695598.80520028,3.751739355206611,11.287077345846154,46,193.962005,1014.915002,82,2,1,ebd8a4748893d538c85f0602ab207b74971c93ac,/home/emsky/project/SCP-SatComPlate/output/multitree/bandwidth/1Gbps-run11/multitree
1Gbps-Run-A,compfrr-p,1,11,1000000000,800,730,46458522924,23914789441,22543733483,325717447317,80,46,30731979,123970.0,18082829.93279999,48938778.932799995,3.8063733801830884,12.542809152615385,34,2410.7640682352944,3972.4350579999996,80,2,1,ebd8a4748893d538c85f0602ab207b74971c93ac,/home/emsky/project/SCP-SatComPlate/output/multitree/bandwidth/1Gbps-run11/compfrr-p
1Gbps-Run-A,compfrr-fa-ffp,1,11,1000000000,800,787,89154118869,85096953746,4057165123,379980287813,80,8,5013773,491150.0,3298702.3227000004,8803625.322700001,4.174733441513035,12.326544707076923,72,438.4214608888888,995.1563722999998,80,2,1,ebd8a4748893d538c85f0602ab207b74971c93ac,/home/emsky/project/SCP-SatComPlate/output/multitree/bandwidth/1Gbps-run11/compfrr-fa-ffp
100Gbps-Run-A,recompute,1,11,100000000000,800,737,7167184415,0,7167184415,292010270074,85,63,24467978,0.0,69711.6103,24537689.61030001,0.03555019844310235,0.10978846953846154,22,706.1193693181817,1239.8032465000003,85,2,1,ebd8a4748893d538c85f0602ab207b74971c93ac,/home/emsky/project/SCP-SatComPlate/output/multitree/bandwidth/100Gbps-run11/recompute
100Gbps-Run-A,one-plus-one,1,11,100000000000,800,800,194977876641,194977876641,0,488641043760,85,0,326307609,0.0,1952566.6127000009,328260175.61269987,0.06272646181404959,0.2077982166923077,85,28.195060999999992,47.693139,94,2,1,ebd8a4748893d538c85f0602ab207b74971c93ac,/home/emsky/project/SCP-SatComPlate/output/multitree/bandwidth/100Gbps-run11/one-plus-one
100Gbps-Run-A,multitree,1,11,100000000000,800,763,55282070895,51662771693,3619299202,344661511097,85,37,91259229,0.0,567359.1620999997,91826588.16210008,0.043264790043547365,0.13693512053846155,48,192.0409100416667,905.5609637000005,85,2,1,ebd8a4748893d538c85f0602ab207b74971c93ac,/home/emsky/project/SCP-SatComPlate/output/multitree/bandwidth/100Gbps-run11/multitree
100Gbps-Run-A,compfrr-p,1,11,100000000000,800,800,97192825006,82685885089,14506939917,391478863528,85,0,565015,385220.0,132187.44399999996,1082422.4440000001,0.04129866363986014,0.12085645661538462,85,82.02381794117649,147.61370600000004,85,2,1,ebd8a4748893d538c85f0602ab207b74971c93ac,/home/emsky/project/SCP-SatComPlate/output/multitree/bandwidth/100Gbps-run11/compfrr-p
100Gbps-Run-A,compfrr-fa-ffp,1,11,100000000000,800,800,96324498278,82303519369,14020978909,390503697782,85,0,565802,385230.0,135574.2743,1086606.2742999997,0.042318598348378915,0.15212974792307693,85,82.51485679999998,149.4229256,85,2,1,ebd8a4748893d538c85f0602ab207b74971c93ac,/home/emsky/project/SCP-SatComPlate/output/multitree/bandwidth/100Gbps-run11/compfrr-fa-ffp
